﻿UserName,UserAge,NoOfMoviesToRecommend,Movies
Xin,20,2,"Zatoichi's Conspiracy,Seeta Aur Geeta"
Erin,24,1,"Daydream Obsession"
Sri,37,3,"Lord Of The Rings: The Return Of The King: Extended Edition: Bonus Material,Justice League,Sick"
Tyler,28,4,"Daydream Obsession,7 Seconds,Inspector Morse 31: Death Is Now My Neighbour,Character"
Nick,23,2,"The Rise And Fall Of Ecw,Sesame Street: Elmo's World: The Street We Live On"
Aroshi,12,1,"Chump Change"
Vicky,15,3,"Sex And The Beauties,Dinosaur Planet,Lady Chatterley"
